{
  "documents": [],
  "tables_parsed": [],
  "tables_source_info": [],
  "images": [],
  "summary": {
    "total_files": 1,
    "by_category": {
      "documents": 0,
      "tables_parsed": 0,
      "tables_source_info": 0,
      "images": 0,
      "document": 1
    },
    "processing_time": null
  },
  "document": [
    {
      "original_name": "Supabase",
      "file_name": "Supabase.md",
      "file_path": "/workspace/historicos_ligas/uploaded_files/documents/Supabase.md",
      "file_type": "docx",
      "category": "document",
      "summary": "Processed Supabase for coding",
      "source_id": "2000759310797545472"
    }
  ]
}